1881253,Introduction
1881277,Introduction
1881999,Introduction
1882015,Introduction
1884698,Introduction
1885381,Introduction
1886477,Introduction
1886485,Introduction
1886979,Introduction
1886992,Introduction
1887312,Introduction
1887384,Introduction
1887701,Introduction
1888560,Introduction
1888579,Introduction
1888614,Introduction
1888719,Introduction
1888724,Introduction
1889215,Introduction
1889223,Introduction
1889237,Introduction
1891740,Introduction
1891995,Introduction
1893106,Introduction
1893496,Introduction
1894982,Introduction
1895245,Introduction
1895252,Introduction
1895562,Introduction
1895582,Introduction
1895647,Introduction
1899062,Introduction
1901152,Introduction
1901153,Introduction
1901905,Introduction
1901971,Introduction
1902003,Introduction
1902014,Introduction
1902029,Introduction
1902046,Introduction
1903669,Introduction
1906724,Introduction
1939294,Introduction
1941982,Introduction
1942430,Introduction
1942432,Introduction
1943880,Introduction
1943905,Introduction
1944822,Introduction
1945089,Introduction
2000222,Introduction
2004290,Introduction
2010398,Introduction
2016188,Introduction
2018143,Introduction
1881277,Introduction
1881319,Introduction
1881320,Introduction
1881338,Introduction
1881984,Introduction
1881999,Introduction
1882015,Introduction
1882060,Introduction
1883457,Introduction
1884698,Introduction
1885381,Introduction
1886477,Introduction
1886483,Introduction
1886933,Introduction
1886992,Introduction
1887384,Introduction
1888560,Introduction
1888614,Introduction
1888719,Introduction
1888724,Introduction
1889215,Introduction
1889237,Introduction
1890756,Introduction
1893014,Introduction
1893106,Introduction
1893496,Introduction
1895245,Introduction
1895582,Introduction
1895647,Introduction
1897528,Introduction
1899062,Introduction
1900262,Introduction
1900310,Introduction
1901107,Introduction
1901796,Introduction
1901971,Introduction
1901993,Introduction
1902003,Introduction
1902043,Introduction
1902046,Introduction
1906702,Introduction
1926682,Introduction
1926684,Introduction
1926685,Introduction
1926686,Introduction
1926688,Introduction
1926690,Introduction
1926691,Introduction
1926692,Introduction
1926694,Introduction
1926696,Introduction
1926700,Introduction
1926701,Introduction
1926703,Introduction
1926704,Introduction
1926705,Introduction
1926706,Introduction
1926710,Introduction
1926711,Introduction
1939294,Introduction
1941982,Introduction
1942016,Introduction
1942025,Introduction
1943880,Introduction
2016188,Introduction
2017775,Introduction
1900320,Introduction
1900774,Introduction
1901785,Introduction
1901845,Introduction
1901858,Introduction
1901970,Introduction
1903562,Introduction
1903729,Introduction
1904674,Introduction
1922873,Introduction
1932058,Introduction
1943775,Introduction
1943905,Introduction
1944411,Introduction
1945179,Introduction
1945207,Introduction
1990045,Introduction
2017328,Introduction
2017337,Introduction
2017775,Introduction
2020821,Introduction
2009326,Introduction
1944823,Introduction
1903306,Introduction
1903616,Introduction
1903736,Introduction
1905092,Introduction
1926674,Introduction
1932873,Introduction
1941277,Introduction
2018057,Introduction
2016217,Introduction
2017518,Introduction
2010127,Introduction
1945146,Introduction
1964959,Introduction
1972900,Introduction
2016013,Introduction
2009487,Introduction
1944834,Introduction
2012776,Introduction
1953743,Introduction
1944795,Introduction
2010256,Introduction
1949851,Introduction
1903616,Introduction
2010121,Introduction
1945173,Introduction
1903306,Introduction
2010040,Introduction
1945051,Introduction
1903277,Introduction
2007589,Introduction
1945034,Introduction
2000972,Fundamentals
1943888,Fundamentals
1944511,Fundamentals
1944795,Fundamentals
1944822,Fundamentals
1944931,Fundamentals
1945130,Fundamentals
1945190,Fundamentals
1952269,Fundamentals
1972900,Fundamentals
2000958,Fundamentals
2000961,Fundamentals
2000969,Fundamentals
2000972,Fundamentals
2003369,Fundamentals
2007516,Fundamentals
2009487,Fundamentals
2009988,Fundamentals
2011303,Fundamentals
2012849,Fundamentals
2012981,Fundamentals
2014300,Fundamentals
2014425,Fundamentals
2016188,Fundamentals
2016451,Fundamentals
2020017,Fundamentals
2020265,Fundamentals
2020955,Fundamentals
1890905,Fundamentals
1891013,Fundamentals
1891889,Fundamentals
1891890,Fundamentals
1894334,Fundamentals
1894789,Fundamentals
1894979,Fundamentals
1894981,Fundamentals
1895250,Fundamentals
1895562,Fundamentals
1895649,Fundamentals
1897946,Fundamentals
1898028,Fundamentals
1899066,Fundamentals
1900855,Fundamentals
1900981,Fundamentals
1901859,Fundamentals
1901909,Fundamentals
1902752,Fundamentals
1902885,Fundamentals
1903313,Fundamentals
1903441,Fundamentals
1903573,Fundamentals
1903604,Fundamentals
1903720,Fundamentals
1906333,Fundamentals
1911166,Fundamentals
1911220,Fundamentals
1912738,Fundamentals
1924958,Fundamentals
1929628,Fundamentals
1931355,Fundamentals
1931357,Fundamentals
1931358,Fundamentals
1934121,Fundamentals
1941980,Fundamentals
1943201,Fundamentals
1943442,Fundamentals
1944813,Fundamentals
1944925,Fundamentals
1944939,Fundamentals
1945054,Fundamentals
1945146,Fundamentals
1945190,Fundamentals
1945212,Fundamentals
1948452,Fundamentals
2000958,Fundamentals
2000961,Fundamentals
2000966,Fundamentals
2000969,Fundamentals
2000974,Fundamentals
2007646,Fundamentals
2007650,Fundamentals
2009761,Fundamentals
2009970,Fundamentals
2010307,Fundamentals
2011303,Fundamentals
2016451,Fundamentals
2020265,Fundamentals
2020972,Fundamentals
1881988,Fundamentals
1881999,Fundamentals
1882008,Fundamentals
1885334,Fundamentals
1885381,Fundamentals
1885383,Fundamentals
1885889,Fundamentals
1886456,Fundamentals
1886477,Fundamentals
1886483,Fundamentals
1886484,Fundamentals
1886488,Fundamentals
1886873,Fundamentals
1886991,Fundamentals
1886998,Fundamentals
1887448,Fundamentals
1887645,Fundamentals
1888588,Fundamentals
1888614,Fundamentals
1888718,Fundamentals
1888724,Fundamentals
1889022,Fundamentals
1889103,Fundamentals
1889151,Fundamentals
1889155,Fundamentals
1889163,Fundamentals
1889167,Fundamentals
1889256,Fundamentals
1889270,Fundamentals
1889656,Fundamentals
1889902,Fundamentals
1890113,Fundamentals
1890939,Fundamentals
1890946,Fundamentals
1890976,Fundamentals
1890994,Fundamentals
1891890,Fundamentals
1891991,Fundamentals
1891999,Fundamentals
1892041,Fundamentals
1893494,Fundamentals
1894338,Fundamentals
1894789,Fundamentals
1895649,Fundamentals
1896269,Fundamentals
1897946,Fundamentals
1899066,Fundamentals
1901859,Fundamentals
1902090,Fundamentals
1902752,Fundamentals
1903313,Fundamentals
1903441,Fundamentals
1903604,Fundamentals
1903658,Fundamentals
1905225,Fundamentals
1911166,Fundamentals
1911220,Fundamentals
1912738,Fundamentals
1924958,Fundamentals
1929628,Fundamentals
1934121,Fundamentals
1943402,Fundamentals
1943442,Fundamentals
1944939,Fundamentals
1945190,Fundamentals
1945212,Fundamentals
2000966,Fundamentals
2009761,Fundamentals
2011303,Fundamentals
2016451,Fundamentals
2020804,Fundamentals
1882008,Fundamentals
1882855,Fundamentals
1882892,Fundamentals
1885334,Fundamentals
1885338,Fundamentals
1885375,Fundamentals
1885383,Fundamentals
1885889,Fundamentals
1886330,Fundamentals
1886450,Fundamentals
1886453,Fundamentals
1886483,Fundamentals
1886488,Fundamentals
1886873,Fundamentals
1886959,Fundamentals
1887645,Fundamentals
1887716,Fundamentals
1888588,Fundamentals
1888614,Fundamentals
1888718,Fundamentals
1888724,Fundamentals
1889022,Fundamentals
1889103,Fundamentals
1889158,Fundamentals
1889163,Fundamentals
1889167,Fundamentals
1889201,Fundamentals
1889256,Fundamentals
1889270,Fundamentals
1889656,Fundamentals
1889834,Fundamentals
1889902,Fundamentals
1889905,Fundamentals
1890035,Fundamentals
1890143,Fundamentals
1890889,Fundamentals
1890905,Fundamentals
1890946,Fundamentals
1891890,Fundamentals
1891991,Fundamentals
1891999,Fundamentals
1892041,Fundamentals
1892053,Fundamentals
1893494,Fundamentals
1896267,Fundamentals
1896273,Fundamentals
1897804,Fundamentals
1899086,Fundamentals
1899145,Fundamentals
1900826,Fundamentals
1900981,Fundamentals
1901771,Fundamentals
1901834,Fundamentals
1901938,Fundamentals
1902036,Fundamentals
1903303,Fundamentals
1903420,Fundamentals
1903441,Fundamentals
1903604,Fundamentals
1903658,Fundamentals
1911166,Fundamentals
1911220,Fundamentals
1912738,Fundamentals
1926709,Fundamentals
1929628,Fundamentals
1931679,Fundamentals
1934121,Fundamentals
1942004,Fundamentals
1943402,Fundamentals
1943442,Fundamentals
1943906,Fundamentals
1944729,Fundamentals
1945190,Fundamentals
1972900,Fundamentals
2000092,Fundamentals
2009761,Fundamentals
2011303,Fundamentals
2016451,Fundamentals
2020804,Fundamentals
1886937,Fundamentals
1888560,Fundamentals
1888593,Fundamentals
1888718,Fundamentals
1888723,Fundamentals
1888724,Fundamentals
1889022,Fundamentals
1889044,Fundamentals
1889060,Fundamentals
1889103,Fundamentals
1889158,Fundamentals
1889167,Fundamentals
1889224,Fundamentals
1889232,Fundamentals
1889256,Fundamentals
1889270,Fundamentals
1889656,Fundamentals
1889905,Fundamentals
1889909,Fundamentals
1890035,Fundamentals
1890143,Fundamentals
1890520,Fundamentals
1890905,Fundamentals
1890949,Fundamentals
1890959,Fundamentals
1891172,Fundamentals
1891999,Fundamentals
1892053,Fundamentals
1892603,Fundamentals
1893241,Fundamentals
1894926,Fundamentals
1895662,Fundamentals
1896763,Fundamentals
1897853,Fundamentals
1898087,Fundamentals
1899145,Fundamentals
1899992,Fundamentals
1900310,Fundamentals
1901774,Fundamentals
1901814,Fundamentals
1901973,Fundamentals
1903287,Fundamentals
1903441,Fundamentals
1903604,Fundamentals
1903658,Fundamentals
1911166,Fundamentals
1915666,Fundamentals
1942269,Fundamentals
1943442,Fundamentals
1943526,Fundamentals
1943530,Fundamentals
1943906,Fundamentals
2005876,Fundamentals
2009761,Fundamentals
2011303,Fundamentals
2016451,Fundamentals
1883473,Fundamentals
1884574,Fundamentals
1885289,Fundamentals
1885330,Fundamentals
1885334,Fundamentals
1885338,Fundamentals
1885786,Fundamentals
1886456,Fundamentals
1886461,Fundamentals
1886465,Fundamentals
1886468,Fundamentals
1886470,Fundamentals
1886873,Fundamentals
1886906,Fundamentals
1887327,Fundamentals
1887343,Fundamentals
1887628,Fundamentals
1887643,Fundamentals
1887647,Fundamentals
1887758,Fundamentals
1888281,Fundamentals
1888284,Fundamentals
1888560,Fundamentals
1888653,Fundamentals
1888718,Fundamentals
1888723,Fundamentals
1888929,Fundamentals
1889022,Fundamentals
1889060,Fundamentals
1889081,Fundamentals
1889103,Fundamentals
1889157,Fundamentals
1889158,Fundamentals
1889208,Fundamentals
1889224,Fundamentals
1889225,Fundamentals
1889242,Fundamentals
1889256,Fundamentals
1889270,Fundamentals
1889834,Fundamentals
1890035,Fundamentals
1890905,Fundamentals
1890949,Fundamentals
1890959,Fundamentals
1891022,Fundamentals
1891803,Fundamentals
1891999,Fundamentals
1892041,Fundamentals
1892053,Fundamentals
1894789,Fundamentals
1894804,Fundamentals
1895055,Fundamentals
1896268,Fundamentals
1897804,Fundamentals
1897853,Fundamentals
1898087,Fundamentals
1898710,Fundamentals
1899145,Fundamentals
1899992,Fundamentals
1901194,Fundamentals
1901814,Fundamentals
1901884,Fundamentals
1901907,Fundamentals
1902011,Fundamentals
1902885,Fundamentals
1902913,Fundamentals
1903009,Fundamentals
1903217,Fundamentals
1903441,Fundamentals
1915666,Fundamentals
1943526,Fundamentals
1943530,Fundamentals
1943906,Fundamentals
1952269,Fundamentals
1960451,Fundamentals
2007451,Fundamentals
2007811,Fundamentals
2009761,Fundamentals
2012979,Fundamentals
1883473,Fundamentals
1885287,Fundamentals
1885289,Fundamentals
1885334,Fundamentals
1885338,Fundamentals
1885375,Fundamentals
1885441,Fundamentals
1885786,Fundamentals
1886330,Fundamentals
1886450,Fundamentals
1886468,Fundamentals
1886488,Fundamentals
1886527,Fundamentals
1886873,Fundamentals
1886941,Fundamentals
1887052,Fundamentals
1887628,Fundamentals
1887648,Fundamentals
1887651,Fundamentals
1887655,Fundamentals
1887776,Fundamentals
1888560,Fundamentals
1889103,Fundamentals
1889144,Fundamentals
1889147,Fundamentals
1889218,Fundamentals
1889242,Fundamentals
1889256,Fundamentals
1890035,Fundamentals
1890102,Fundamentals
1890905,Fundamentals
1890959,Fundamentals
1891022,Fundamentals
1892053,Fundamentals
1894789,Fundamentals
1894804,Fundamentals
1895055,Fundamentals
1896547,Fundamentals
1899155,Fundamentals
1901814,Fundamentals
1902044,Fundamentals
1902885,Fundamentals
1903009,Fundamentals
1905209,Fundamentals
1905247,Fundamentals
1943269,Fundamentals
1943526,Fundamentals
1943530,Fundamentals
1943906,Fundamentals
1960451,Fundamentals
1885786,Fundamentals
1886456,Fundamentals
1886493,Fundamentals
1886527,Fundamentals
1886587,Fundamentals
1886800,Fundamentals
1886912,Fundamentals
1886941,Fundamentals
1886959,Fundamentals
1886989,Fundamentals
1886994,Fundamentals
1887052,Fundamentals
1887343,Fundamentals
1887628,Fundamentals
1887758,Fundamentals
1887776,Fundamentals
1888284,Fundamentals
1888286,Fundamentals
1888573,Fundamentals
1889081,Fundamentals
1889158,Fundamentals
1889201,Fundamentals
1889208,Fundamentals
1889218,Fundamentals
1889227,Fundamentals
1889834,Fundamentals
1890035,Fundamentals
1890794,Fundamentals
1890959,Fundamentals
1892053,Fundamentals
1892060,Fundamentals
1893376,Fundamentals
1894789,Fundamentals
1894804,Fundamentals
1894926,Fundamentals
1894968,Fundamentals
1894995,Fundamentals
1899155,Fundamentals
1899172,Fundamentals
1901173,Fundamentals
1901236,Fundamentals
1902011,Fundamentals
1902036,Fundamentals
1902044,Fundamentals
1902634,Fundamentals
1902885,Fundamentals
1903014,Fundamentals
1903217,Fundamentals
1903651,Fundamentals
1905209,Fundamentals
1943269,Fundamentals
1943526,Fundamentals
1943530,Fundamentals
1943906,Fundamentals
1960451,Fundamentals
2012979,Fundamentals
1885786,Fundamentals
1886450,Fundamentals
1886527,Fundamentals
1886912,Fundamentals
1886950,Fundamentals
1887052,Fundamentals
1889158,Fundamentals
1889198,Fundamentals
1890597,Fundamentals
1890794,Fundamentals
1893456,Fundamentals
1897853,Fundamentals
1898028,Fundamentals
1899155,Fundamentals
1900304,Fundamentals
1902130,Fundamentals
1902885,Fundamentals
1903549,Fundamentals
1905209,Fundamentals
1943526,Fundamentals
1943530,Fundamentals
1952269,Fundamentals
1958870,Fundamentals
2012979,Fundamentals
2012981,Fundamentals
2033624,Fundamentals
1893106,Fundamentals
1894441,Fundamentals
1895252,Fundamentals
1895582,Fundamentals
1899738,Fundamentals
1900262,Fundamentals
1900297,Fundamentals
1900320,Fundamentals
1901107,Fundamentals
1901796,Fundamentals
1901859,Fundamentals
1901990,Fundamentals
1902003,Fundamentals
1902032,Fundamentals
1903350,Fundamentals
1932058,Fundamentals
1939294,Fundamentals
1942016,Fundamentals
1942339,Fundamentals
1945189,Fundamentals
1945207,Fundamentals
2007650,Fundamentals
2009737,Fundamentals
2017305,Fundamentals
2017775,Fundamentals
1920758,Fundamentals
1940380,Fundamentals
2007346,Fundamentals
2014121,Fundamentals
2033624,Fundamentals
1890563,Fundamentals
1890957,Fundamentals
1891890,Fundamentals
1891991,Fundamentals
1893044,Fundamentals
1893490,Fundamentals
1894376,Fundamentals
1895562,Fundamentals
1895627,Fundamentals
1899889,Fundamentals
1902022,Fundamentals
1903009,Fundamentals
1903651,Fundamentals
1903716,Fundamentals
2007356,Fundamentals
1897991,Fundamentals
1897842,Fundamentals
1900123,Fundamentals
1900008,Fundamentals
1953743,Fundamentals
1902727,Conditionals
1902808,Conditionals
1902843,Conditionals
1902924,Conditionals
1902926,Conditionals
1902932,Conditionals
1902946,Conditionals
1903217,Conditionals
1903549,Conditionals
1903563,Conditionals
1928537,Conditionals
1929894,Conditionals
1933036,Conditionals
1945043,Conditionals
2012852,Conditionals
2020245,Conditionals
1890331,Conditionals
1890537,Conditionals
1890957,Conditionals
1891696,Conditionals
1891880,Conditionals
1891889,Conditionals
1893044,Conditionals
1893490,Conditionals
1894005,Conditionals
1894008,Conditionals
1894009,Conditionals
1894574,Conditionals
1894774,Conditionals
1894869,Conditionals
1894887,Conditionals
1894985,Conditionals
1895627,Conditionals
1895744,Conditionals
1895796,Conditionals
1896272,Conditionals
1896746,Conditionals
1897015,Conditionals
1898028,Conditionals
1898303,Conditionals
1899027,Conditionals
1899651,Conditionals
1900179,Conditionals
1900182,Conditionals
1900191,Conditionals
1900212,Conditionals
1900265,Conditionals
1900282,Conditionals
1900295,Conditionals
1900476,Conditionals
1901814,Conditionals
1901880,Conditionals
1902081,Conditionals
1903541,Conditionals
1903549,Conditionals
1932946,Conditionals
2012852,Conditionals
2020245,Conditionals
1960607,Conditionals
1955889,Conditionals
1955908,Conditionals
1955987,Conditionals
2000935,Conditionals
2009988,Conditionals
1942105,Conditionals
1942352,Conditionals
1942415,Conditionals
1943207,Conditionals
1944807,Conditionals
1945052,Conditionals
1945124,Conditionals
1947971,Conditionals
1947986,Conditionals
1986594,Conditionals
2009542,Conditionals
2009681,Conditionals
2014568,Conditionals
2017290,Conditionals
2036325,Conditionals
1901791,Conditionals
1901088,Conditionals
1894008,Loops
1894009,Loops
1894467,Loops
1894774,Loops
1895015,Loops
1896084,Loops
1898303,Loops
1898896,Loops
1899160,Loops
1899183,Loops
1899651,Loops
1899737,Loops
1900179,Loops
1900182,Loops
1900191,Loops
1900212,Loops
1900265,Loops
1900282,Loops
1900310,Loops
1900338,Loops
1900476,Loops
1901705,Loops
1901814,Loops
1903217,Loops
1903382,Loops
1903549,Loops
1905920,Loops
1920242,Loops
1927700,Loops
1929894,Loops
1932946,Loops
1957560,Loops
2012852,Loops
1894467,Loops
1895015,Loops
1895715,Loops
1897005,Loops
1898040,Loops
1898303,Loops
1899183,Loops
1899651,Loops
1900182,Loops
1900191,Loops
1900212,Loops
1900282,Loops
1900339,Loops
1900476,Loops
1901083,Loops
1901138,Loops
1902540,Loops
1903403,Loops
1918386,Loops
1922475,Loops
1926739,Loops
1927700,Loops
1932946,Loops
1952269,Loops
1957560,Loops
2012852,Loops
1894813,Loops
1895015,Loops
1895715,Loops
1897005,Loops
1897015,Loops
1897987,Loops
1898040,Loops
1898303,Loops
1900182,Loops
1900191,Loops
1900212,Loops
1900282,Loops
1900476,Loops
1901083,Loops
1902090,Loops
1902130,Loops
1922475,Loops
1924986,Loops
1941984,Loops
1957560,Loops
2012852,Loops
1943189,Loops
1943199,Loops
1943430,Loops
1943512,Loops
1943696,Loops
1943698,Loops
1943757,Loops
1944813,Loops
1944838,Loops
1945122,Loops
1945196,Loops
1945203,Loops
1945944,Loops
1949742,Loops
1953442,Loops
1956241,Loops
1958315,Loops
1958596,Loops
1969686,Loops
1974328,Loops
2008093,Loops
2019507,Loops
2019664,Loops
2020229,Loops
2020822,Loops
2020990,Loops
1939214,Loops
1939344,Loops
1941079,Loops
1941167,Loops
1941930,Loops
1942079,Loops
1942166,Loops
1942269,Loops
1942573,Loops
1943002,Loops
1943207,Loops
1943430,Loops
1943512,Loops
1943688,Loops
1943720,Loops
1943815,Loops
1944814,Loops
1944999,Loops
1945049,Loops
1945152,Loops
1945200,Loops
1945203,Loops
1949742,Loops
1951930,Loops
1953442,Loops
1958596,Loops
1959909,Loops
1960651,Loops
1966005,Loops
1969686,Loops
2008093,Loops
2016222,Loops
2017510,Loops
2020229,Loops
2020245,Loops
1889109,Loops
1889208,Loops
1893044,Loops
1893456,Loops
1893490,Loops
1893495,Loops
1893503,Loops
1894376,Loops
1894774,Loops
1894813,Loops
1895562,Loops
1896709,Loops
1896811,Loops
1897950,Loops
1898896,Loops
1899143,Loops
1899651,Loops
1899889,Loops
1900295,Loops
1900304,Loops
1901615,Loops
1901988,Loops
1902011,Loops
1902046,Loops
1902090,Loops
1902765,Loops
1903403,Loops
1903549,Loops
1903617,Loops
1903716,Loops
1905998,Loops
1911186,Loops
1924986,Loops
1926230,Loops
1926399,Loops
1926739,Loops
1928579,Loops
1930116,Loops
1931476,Loops
1932151,Loops
1932175,Loops
1933151,Loops
1933486,Loops
1934743,Loops
1937662,Loops
1939214,Loops
1939344,Loops
1941167,Loops
1941828,Loops
1942275,Loops
1943002,Loops
1943054,Loops
1943189,Loops
1943207,Loops
1943430,Loops
1943512,Loops
1943658,Loops
1943696,Loops
1944838,Loops
1944999,Loops
1945212,Loops
1949742,Loops
1951930,Loops
1964959,Loops
1990045,Loops
2004512,Loops
2014350,Loops
2017510,Loops
2020640,Loops
1903563,Loops
1913604,Loops
1922475,Loops
1924986,Loops
1928539,Loops
1932151,Loops
1932946,Loops
1933057,Loops
1933566,Loops
1934679,Loops
1936650,Loops
1937662,Loops
1941079,Loops
1943002,Loops
1943512,Loops
1944807,Loops
1944918,Loops
1945049,Loops
1945152,Loops
1954039,Loops
2007992,Loops
2014350,Loops
2017510,Loops
1902130,Loops
1903617,Loops
1911186,Loops
1922475,Loops
1924986,Loops
1930116,Loops
1932151,Loops
1943658,Loops
1943720,Loops
1945200,Loops
1953442,Loops
1958596,Loops
1960451,Loops
1898956,File I/O
1900221,File I/O
1900855,File I/O
1901820,File I/O
1901828,File I/O
1901867,File I/O
1901934,File I/O
1902094,File I/O
1902681,File I/O
1903668,File I/O
1907275,File I/O
1908550,File I/O
1911154,File I/O
1912774,File I/O
1913604,File I/O
1938526,File I/O
1941000,File I/O
1942209,File I/O
1943803,File I/O
1943869,File I/O
1944939,File I/O
1945169,File I/O
1957521,File I/O
2001139,File I/O
2009610,File I/O
2010008,File I/O
2010389,File I/O
2017657,File I/O
1943750,File I/O
1944939,File I/O
1957521,File I/O
2001139,File I/O
2010008,File I/O
2010389,File I/O
1903531,Functions
1904667,Functions
1905900,Functions
1905998,Functions
1906187,Functions
1906689,Functions
1906705,Functions
1908579,Functions
1912054,Functions
1912318,Functions
1912738,Functions
1912754,Functions
1912776,Functions
1913253,Functions
1913493,Functions
1914612,Functions
1914789,Functions
1915776,Functions
1916424,Functions
1919050,Functions
1925066,Functions
1925331,Functions
1926834,Functions
1927700,Functions
1928408,Functions
1928413,Functions
1928419,Functions
1929628,Functions
1930116,Functions
1932375,Functions
1937868,Functions
1938396,Functions
1939344,Functions
1940942,Functions
1941044,Functions
1941075,Functions
1941080,Functions
1941194,Functions
1941269,Functions
1941719,Functions
1941872,Functions
1941984,Functions
1942010,Functions
1942029,Functions
1942156,Functions
1942274,Functions
1942352,Functions
1942738,Functions
1942741,Functions
1942844,Functions
1943054,Functions
1943063,Functions
1943223,Functions
1943254,Functions
1943418,Functions
1943450,Functions
1943572,Functions
1943705,Functions
1943720,Functions
1943757,Functions
1943774,Functions
1943782,Functions
1943799,Functions
1943813,Functions
1943835,Functions
1944969,Functions
1945045,Functions
1945056,Functions
1945107,Functions
1945124,Functions
1945145,Functions
1945155,Functions
1945161,Functions
1945170,Functions
1947367,Functions
1948023,Functions
1954043,Functions
1955865,Functions
1955878,Functions
1960451,Functions
1963486,Functions
1969686,Functions
1974328,Functions
1990045,Functions
2007503,Functions
2007539,Functions
2014425,Functions
2016222,Functions
2020245,Functions
1904956,Functions
1905209,Functions
1905940,Functions
1905976,Functions
1906187,Functions
1906580,Functions
1906689,Functions
1908579,Functions
1911158,Functions
1911164,Functions
1912054,Functions
1912318,Functions
1912738,Functions
1912754,Functions
1912776,Functions
1913253,Functions
1913493,Functions
1915776,Functions
1917418,Functions
1925066,Functions
1927700,Functions
1928408,Functions
1928413,Functions
1928419,Functions
1929628,Functions
1929951,Functions
1932375,Functions
1933346,Functions
1937868,Functions
1938396,Functions
1940942,Functions
1941980,Functions
1941984,Functions
1942004,Functions
1942156,Functions
1943283,Functions
1943450,Functions
1943649,Functions
1943662,Functions
1943782,Functions
1943799,Functions
1943813,Functions
1943835,Functions
1943888,Functions
1944612,Functions
1944969,Functions
1945056,Functions
1947971,Functions
1969686,Functions
2007503,Functions
2009978,Functions
1908530,Functions
1911158,Functions
1911164,Functions
1912054,Functions
1912318,Functions
1912754,Functions
1912776,Functions
1915776,Functions
1917418,Functions
1920758,Functions
1925066,Functions
1927700,Functions
1928408,Functions
1928413,Functions
1928419,Functions
1929951,Functions
1932375,Functions
1937868,Functions
1938396,Functions
1940942,Functions
1941249,Functions
1941980,Functions
1942156,Functions
1943442,Functions
1943450,Functions
1943649,Functions
1943799,Functions
1943813,Functions
1943835,Functions
1943864,Functions
1944969,Functions
1945056,Functions
1945151,Functions
1947965,Functions
1969686,Functions
1992870,Functions
2007503,Functions
1905900,Functions
1906499,Functions
1906689,Functions
1906705,Functions
1906809,Functions
1907796,Functions
1908652,Functions
1911164,Functions
1915776,Functions
1925066,Functions
1929951,Functions
1932375,Functions
1937868,Functions
1940942,Functions
1943450,Functions
1943649,Functions
1943662,Functions
1943799,Functions
1943813,Functions
1943835,Functions
1945056,Functions
1945101,Functions
1945151,Functions
2007503,Functions
2014425,Functions
1908492,Functions
1915776,Functions
1925066,Functions
1929951,Functions
1932375,Functions
1940942,Functions
1942951,Functions
1943649,Functions
1943662,Functions
1943864,Functions
1944931,Functions
1945101,Functions
1945151,Functions
2007503,Functions
2014425,Functions
1936890,Functions
1911156,Arrays
1922530,Arrays
1922674,Arrays
1925157,Arrays
1926140,Arrays
1926230,Arrays
1926399,Arrays
1928539,Arrays
1930116,Arrays
1931476,Arrays
1931975,Arrays
1932151,Arrays
1932175,Arrays
1933057,Arrays
1933151,Arrays
1933486,Arrays
1933523,Arrays
1933566,Arrays
1934259,Arrays
1934305,Arrays
1936650,Arrays
1936891,Arrays
1937662,Arrays
1937870,Arrays
1937877,Arrays
1938104,Arrays
1938396,Arrays
1938500,Arrays
1939344,Arrays
1939881,Arrays
1940819,Arrays
1940939,Arrays
1941080,Arrays
1941167,Arrays
1941194,Arrays
1941231,Arrays
1941312,Arrays
1941719,Arrays
1941791,Arrays
1941804,Arrays
1941854,Arrays
1941872,Arrays
1941930,Arrays
1941964,Arrays
1941971,Arrays
1941980,Arrays
1941984,Arrays
1942018,Arrays
1942029,Arrays
1942117,Arrays
1942156,Arrays
1942183,Arrays
1942209,Arrays
1942259,Arrays
1942261,Arrays
1942269,Arrays
1942274,Arrays
1942501,Arrays
1942513,Arrays
1942573,Arrays
1942844,Arrays
1943002,Arrays
1943054,Arrays
1943094,Arrays
1943189,Arrays
1943199,Arrays
1943223,Arrays
1943254,Arrays
1943255,Arrays
1943276,Arrays
1943291,Arrays
1943372,Arrays
1943401,Arrays
1943416,Arrays
1943422,Arrays
1943430,Arrays
1943462,Arrays
1943665,Arrays
1943677,Arrays
1943688,Arrays
1943693,Arrays
1943696,Arrays
1943698,Arrays
1943705,Arrays
1943730,Arrays
1943757,Arrays
1943788,Arrays
1943792,Arrays
1943805,Arrays
1943813,Arrays
1943814,Arrays
1943815,Arrays
1943816,Arrays
1943818,Arrays
1943864,Arrays
1943888,Arrays
1944411,Arrays
1944481,Arrays
1944584,Arrays
1944813,Arrays
1944869,Arrays
1944955,Arrays
1945005,Arrays
1945040,Arrays
1945041,Arrays
1945052,Arrays
1945053,Arrays
1945109,Arrays
1945113,Arrays
1945124,Arrays
1945145,Arrays
1945152,Arrays
1945155,Arrays
1945157,Arrays
1945158,Arrays
1945159,Arrays
1945161,Arrays
1945188,Arrays
1945191,Arrays
1945193,Arrays
1945195,Arrays
1945200,Arrays
1945944,Arrays
1946354,Arrays
1946497,Arrays
1947030,Arrays
1951547,Arrays
1951930,Arrays
1953741,Arrays
1953982,Arrays
1954040,Arrays
1955133,Arrays
1955137,Arrays
1955865,Arrays
1955878,Arrays
1956241,Arrays
1957560,Arrays
1958315,Arrays
1959539,Arrays
1959909,Arrays
1960541,Arrays
1960548,Arrays
1960651,Arrays
1964959,Arrays
1966005,Arrays
1974328,Arrays
1990031,Arrays
1993426,Arrays
2003265,Arrays
2004373,Arrays
2004512,Arrays
2007117,Arrays
2007343,Arrays
2007356,Arrays
2008093,Arrays
2009456,Arrays
2010399,Arrays
2010438,Arrays
2012094,Arrays
2013904,Arrays
2014568,Arrays
2014665,Arrays
2014725,Arrays
2015735,Arrays
2016313,Arrays
2017115,Arrays
2017657,Arrays
2019117,Arrays
2019507,Arrays
2019775,Arrays
2019800,Arrays
2019859,Arrays
2020260,Arrays
2020822,Arrays
2020914,Arrays
2020937,Arrays
2020960,Arrays
2032301,Arrays
1941854,Arrays
1941980,Arrays
1941984,Arrays
1942183,Arrays
1942209,Arrays
1942501,Arrays
1942513,Arrays
1942573,Arrays
1942582,Arrays
1943002,Arrays
1943063,Arrays
1943165,Arrays
1943255,Arrays
1943283,Arrays
1943372,Arrays
1943416,Arrays
1943516,Arrays
1943665,Arrays
1943677,Arrays
1943714,Arrays
1943788,Arrays
1943814,Arrays
1943815,Arrays
1943864,Arrays
1944481,Arrays
1944813,Arrays
1945005,Arrays
1945040,Arrays
1945041,Arrays
1945101,Arrays
1945145,Arrays
1945151,Arrays
1945158,Arrays
1945159,Arrays
1945196,Arrays
1948629,Arrays
1951547,Arrays
1954040,Arrays
1959539,Arrays
1990031,Arrays
1993426,Arrays
2010100,Arrays
2010399,Arrays
2017657,Arrays
2032301,Arrays
1942206,Arrays
1942573,Arrays
1943416,Arrays
1943658,Arrays
1943665,Arrays
1943702,Arrays
1943788,Arrays
1943814,Arrays
1943815,Arrays
1943864,Arrays
1943888,Arrays
1944481,Arrays
1945040,Arrays
1945041,Arrays
1945101,Arrays
1945151,Arrays
1945158,Arrays
1945159,Arrays
1945196,Arrays
1951547,Arrays
1954040,Arrays
1959539,Arrays
1990031,Arrays
1993426,Arrays
2004512,Arrays
2010399,Arrays
2014469,Arrays
2017657,Arrays
2001832,Arrays
2002147,Arrays
2006263,Arrays
2007117,Arrays
2008156,Arrays
2009542,Arrays
2009681,Arrays
2010438,Arrays
2012094,Arrays
2014568,Arrays
2016188,Arrays
2017190,Arrays
2017290,Arrays
2017334,Arrays
2017390,Arrays
2017423,Arrays
2019527,Arrays
2019800,Arrays
2020219,Arrays
2020260,Arrays
2020272,Arrays
2020748,Arrays
2020927,Arrays
2020937,Arrays
2020960,Arrays
1986594,DAQ System
2000422,DAQ System
2002147,DAQ System
2005842,DAQ System
2007345,DAQ System
2007596,DAQ System
2007902,DAQ System
2007992,DAQ System
2009978,DAQ System
2010238,DAQ System
2011250,DAQ System
2014116,DAQ System
2017340,DAQ System
2020905,DAQ System
2007596,DAQ System
2009993,DAQ System
2017184,DAQ System
2017337,DAQ System
2017340,DAQ System
2017613,DAQ System
2017809,DAQ System
2019550,DAQ System
2020253,DAQ System
2020819,DAQ System
2020821,DAQ System
2020914,DAQ System
2020947,DAQ System
2029274,DAQ System
1992994,DAQ System
1993215,DAQ System
2001139,DAQ System
2004488,DAQ System
2004512,DAQ System
2008088,DAQ System
2009979,DAQ System
2010260,DAQ System
2010389,DAQ System
2011250,DAQ System
2011616,DAQ System
2014594,DAQ System
2016222,DAQ System
2017340,DAQ System
2017518,DAQ System
2020914,DAQ System
1987176,DAQ System
2001139,DAQ System
2004488,DAQ System
2004512,DAQ System
2008088,DAQ System
2009979,DAQ System
2010260,DAQ System
2010389,DAQ System
2011250,DAQ System
2017337,DAQ System
2017340,DAQ System
1992994,DAQ System
2002528,DAQ System
2003896,DAQ System
2009993,DAQ System
2010398,DAQ System
2017155,DAQ System
2017337,DAQ System
2017340,DAQ System
2017613,DAQ System
2017809,DAQ System
2020253,DAQ System
2020819,DAQ System
2020821,DAQ System
2020914,DAQ System
2029274,DAQ System
1991146,DAQ System
2019799,DAQ System
2020253,DAQ System
2020794,DAQ System
2014793,DAQ System
1960607,Comprehension
1902645,Comprehension
1902658,Comprehension
1902748,Comprehension
1905940,Comprehension
1932151,Comprehension
1934679,Comprehension
1947986,Comprehension
1948503,Comprehension
1953442,Comprehension
1958870,Comprehension
1966005,Comprehension
2012094,Comprehension
2014350,Comprehension
2020640,Comprehension
1903032,Syntax
1903668,Syntax
1903674,Syntax
1903716,Syntax
1905940,Syntax
1913604,Syntax
1929701,Syntax
1929712,Syntax
1934743,Syntax
1940380,Syntax
1942105,Syntax
1942352,Syntax
1942415,Syntax
1943207,Syntax
1944807,Syntax
1945052,Syntax
1945124,Syntax
1947971,Syntax
1947986,Syntax
1986594,Syntax
2009542,Syntax
2009681,Syntax
2014568,Syntax
2017290,Syntax
2036325,Syntax
1942083,Syntax